{
    "B1": {
        "normal": {
            "verde": 0.65313,
            "amarela": 0.68002,
            "vermelha_1": 0.71513,
            "vermelha_2": 0.74808,
            "escassez": 0.79303
        },
        "baixa_renda": {
            "lt_30": {
                "verde": 0.19087,
                "amarela": 0.22076,
                "vermelha_1": 0.25587,
                "vermelha_2": 0.28882,
                "escassez": 0.33287
            },
            "31-100": {
                "verde": 0.32722,
                "amarela": 0.387,
                "vermelha_1": 0.42211,
                "vermelha_2": 0.45506,
                "escassez": 0.49911
            },
            "101-220": {
                "verde": 0.49083,
                "amarela": 0.52072,
                "vermelha_1": 0.55583,
                "vermelha_2": 0.58878,
                "escassez": 0.63283
            },
            "gt-220": {
                "verde": 0.54537,
                "amarela": 0.57526,
                "vermelha_1": 0.61037,
                "vermelha_2": 0.64332,
                "escassez": 0.68737
            }
        },
        "branca": {
            "ponta": {
                "verde": 1.25047,
                "amarela": 1.28036,
                "vermelha_1": 1.31547,
                "vermelha_2": 1.34842,
                "escassez": 1.39247
            },
            "intermediario": {
                "verde": 0.81814,
                "amarela": 0.84803,
                "vermelha_1": 0.88314,
                "vermelha_2": 0.91609,
                "escassez": 0.96014
            },
            "fora_ponta": {
                "verde": 0.53343,
                "amarela": 0.56332,
                "vermelha_1": 0.59843,
                "vermelha_2": 0.63138,
                "escassez": 0.67543
            }
        }
    },
    "B2": {
        "normal": {
            "verde": 0.61394,
            "amarela": 0.64383,
            "vermelha_1": 0.67894,
            "vermelha_2": 0.71189,
            "escassez": 0.75594
        },
        "jequitinhonha": {
            "verde": 0.16224,
            "amarela": 0.19213,
            "vermelha_1": 0.22724,
            "vermelha_2": 0.26019,
            "escassez": 0.30424
        },
        "demais_regioes": {
            "verde": 0.19829,
            "amarela": 0.22818,
            "vermelha_1": 0.26329,
            "vermelha_2": 0.29624,
            "escassez": 0.34029
        },
        "branca": {
            "ponta": {
                "verde": 1.2271,
                "amarela": 1.25699,
                "vermelha_1": 1.2921,
                "vermelha_2": 1.32505,
                "escassez": 1.3691
            },
            "intermediario": {
                "verde": 0.80426,
                "amarela": 0.83415,
                "vermelha_1": 0.86926,
                "vermelha_2": 0.90221,
                "escassez": 0.94626
            },
            "fora_ponta": {
                "verde": 0.51316,
                "amarela": 0.54305,
                "vermelha_1": 0.57816,
                "vermelha_2": 0.61111,
                "escassez": 0.65516
            }
        }
    },
    "B3": {
        "normal": {
            "verde": 0.65313,
            "amarela": 0.68302,
            "vermelha_1": 0.71813,
            "vermelha_2": 0.75108,
            "escassez": 0.79513
        },
        "branca": {
            "ponta": {
                "verde": 1.30041,
                "amarela": 1.3303,
                "vermelha_1": 1.36541,
                "vermelha_2": 1.39836,
                "escassez": 1.44241
            },
            "intermediario": {
                "verde": 0.84811,
                "amarela": 0.878,
                "vermelha_1": 0.91311,
                "vermelha_2": 0.94606,
                "escassez": 0.99011
            },
            "fora_ponta": {
                "verde": 0.54342,
                "amarela": 0.57331,
                "vermelha_1": 0.60842,
                "vermelha_2": 0.64137,
                "escassez": 0.68542
            }
        }
    },
    "B4": {
        "B4a": {
            "verde": 0.35922,
            "amarela": 0.38911,
            "vermelha_1": 0.42422,
            "vermelha_2": 0.45717,
            "escassez": 0.50122
        },
        "B4b": {
            "verde": 0.39188,
            "amarela": 0.42177,
            "vermelha_1": 0.45688,
            "vermelha_2": 0.48983,
            "escassez": 0.53388
        }
    },
    "A2": {
        "ponta": {
            "demanda": 15.61,
            "verde": 0.46214,
            "amarela": 0.49203,
            "vermelha_1": 0.52714,
            "vermelha_2": 0.56009,
            "escassez": 0.60414
        },
        "fora_ponta": {
            "demanda": 6.8,
            "verde": 0.31452,
            "amarela": 0.34441,
            "vermelha_1": 0.37952,
            "vermelha_2": 0.41247,
            "escassez": 0.45652
        },
        "ultrap_ponta": {
            "demanda": 31.22
        },
        "ultrap_fora_ponta": {
            "demanda": 13.8
        }
    },
    "A3": {
        "ponta": {
            "demanda": 23.98,
            "verde": 0.47205,
            "amarela": 0.50194,
            "vermelha_1": 0.53705,
            "vermelha_2": 0.57,
            "escassez": 0.61405
        },
        "fora_ponta": {
            "demanda": 8.86,
            "verde": 0.32443,
            "amarela": 0.35432,
            "vermelha_1": 0.38943,
            "vermelha_2": 0.42238,
            "escassez": 0.46643
        },
        "ultrap_ponta": {
            "demanda": 47.96
        },
        "ultrap_fora_ponta": {
            "demanda": 17.72
        }
    },
    "A3A": {
        "ponta": {
            "demanda": 49.92,
            "verde": 0.49712,
            "amarela": 0.52701,
            "vermelha_1": 0.56212,
            "vermelha_2": 0.59507,
            "escassez": 0.63912
        },
        "fora_ponta": {
            "demanda": 16.54,
            "verde": 0.3495,
            "amarela": 0.37939,
            "vermelha_1": 0.4145,
            "vermelha_2": 0.44745,
            "escassez": 0.4915
        },
        "ultrap_ponta": {
            "demanda": 99.84
        },
        "ultrap_fora_ponta": {
            "demanda": 33.08
        }
    },
    "A4": {
        "ponta": {
            "demanda": 49.92,
            "verde": 0.49712,
            "amarela": 0.52701,
            "vermelha_1": 0.56212,
            "vermelha_2": 0.59507,
            "escassez": 0.63912
        },
        "fora_ponta": {
            "demanda": 16.54,
            "verde": 0.3495,
            "amarela": 0.37939,
            "vermelha_1": 0.4145,
            "vermelha_2": 0.44745,
            "escassez": 0.4915
        },
        "ultrap_ponta": {
            "demanda": 99.84
        },
        "ultrap_fora_ponta": {
            "demanda": 33.08
        }
    },
    "AS": {
        "ponta": {
            "demanda": 78.9,
            "verde": 0.53961,
            "amarela": 0.5695,
            "vermelha_1": 0.60461,
            "vermelha_2": 0.63756,
            "escassez": 0.68161
        },
        "fora_ponta": {
            "demanda": 17.24,
            "verde": 0.39199,
            "amarela": 0.42188,
            "vermelha_1": 0.45699,
            "vermelha_2": 0.48994,
            "escassez": 0.53399
        },
        "ultrap_ponta": {
            "demanda": 157.8
        },
        "ultrap_fora_ponta": {
            "demanda": 34.48
        }
    }
}